{
  "1": {
    "nx": -0.05999999999999999,
    "ny": -0.158,
    "spread": 0.96,
    "letters": {
      "A": {
        "nx": 0.00925,
        "ny": 0.01325
      },
      "B": {
        "nx": 0.00675,
        "ny": 0.01225
      },
      "C": {
        "nx": 0.003,
        "ny": 0.01175
      },
      "D": {
        "nx": -0.00125,
        "ny": 0.01225
      }
    }
  },
  "2": {
    "nx": -0.268,
    "ny": -0.116,
    "spread": 0.958,
    "letters": {
      "A": {
        "nx": 0.00075,
        "ny": -0.003
      },
      "B": {
        "nx": -0.00225,
        "ny": -0.004
      },
      "C": {
        "nx": -0.00575,
        "ny": -0.0045
      },
      "D": {
        "nx": -0.009,
        "ny": -0.0045
      }
    }
  },
  "3": {
    "nx": -0.484,
    "ny": -0.098,
    "spread": 0.974,
    "letters": {
      "A": {
        "nx": 0.003,
        "ny": 0.00525
      },
      "B": {
        "nx": -0.00025,
        "ny": 0.005
      },
      "C": {
        "nx": -0.0045,
        "ny": 0.0045
      },
      "D": {
        "nx": -0.00975,
        "ny": 0.00475
      }
    }
  },
  "4": {
    "nx": -0.702,
    "ny": -0.068,
    "spread": 0.936,
    "letters": {
      "A": {
        "nx": -0.002,
        "ny": -0.00025
      },
      "B": {
        "nx": -0.0045,
        "ny": -0.00025
      },
      "C": {
        "nx": -0.0085,
        "ny": -0.00075
      },
      "D": {
        "nx": -0.01175,
        "ny": -0.0005
      }
    }
  },
  "5": {
    "nx": -0.074,
    "ny": -0.08,
    "spread": 0.964,
    "letters": {
      "A": {
        "nx": 0.017,
        "ny": -0.00925
      },
      "B": {
        "nx": 0.01425,
        "ny": -0.009
      },
      "C": {
        "nx": 0.00975,
        "ny": -0.00975
      },
      "D": {
        "nx": 0.00525,
        "ny": -0.009
      }
    }
  },
  "6": {
    "nx": 0.066,
    "ny": -0.19399999999999998,
    "spread": 0.96,
    "letters": {
      "A": {
        "nx": 0.0105,
        "ny": -0.002
      },
      "B": {
        "nx": 0.0075,
        "ny": -0.00175
      },
      "C": {
        "nx": 0.00325,
        "ny": -0.0015
      },
      "D": {
        "nx": -0.00075,
        "ny": -0.00125
      }
    }
  },
  "7": {
    "nx": -0.14200000000000002,
    "ny": -0.16999999999999998,
    "spread": 0.95,
    "letters": {
      "A": {
        "nx": 0.006,
        "ny": 0
      },
      "B": {
        "nx": 0.0035,
        "ny": 0
      },
      "C": {
        "nx": -0.00025,
        "ny": 0
      },
      "D": {
        "nx": -0.0035,
        "ny": 0
      }
    }
  },
  "8": {
    "nx": -0.362,
    "ny": -0.13999999999999999,
    "spread": 0.964,
    "letters": {
      "A": {
        "nx": 0.01175,
        "ny": -0.00325
      },
      "B": {
        "nx": 0.009,
        "ny": -0.00275
      },
      "C": {
        "nx": 0.0045,
        "ny": -0.003
      },
      "D": {
        "nx": 0.0005,
        "ny": -0.0035
      }
    }
  },
  "9": {
    "nx": 0.284,
    "ny": -0.16399999999999998,
    "spread": 0.97,
    "letters": {
      "A": {
        "nx": 0.01025,
        "ny": -0.0015
      },
      "B": {
        "nx": 0.00725,
        "ny": -0.00175
      },
      "C": {
        "nx": 0.0025,
        "ny": -0.0015
      },
      "D": {
        "nx": -0.00125,
        "ny": -0.001
      }
    }
  },
  "10": {
    "nx": 0.066,
    "ny": -0.13999999999999999,
    "spread": 0.97,
    "letters": {
      "A": {
        "nx": 0.01525,
        "ny": 0.002
      },
      "B": {
        "nx": 0.0115,
        "ny": 0.00225
      },
      "C": {
        "nx": 0.007,
        "ny": 0.00225
      },
      "D": {
        "nx": 0.00275,
        "ny": 0.002
      }
    }
  },
  "11": {
    "nx": 0.194,
    "ny": -0.242,
    "spread": 0.948,
    "letters": {
      "A": {
        "nx": 0.00675,
        "ny": -0.002
      },
      "B": {
        "nx": 0.00525,
        "ny": -0.00225
      },
      "C": {
        "nx": 0.001,
        "ny": -0.00225
      },
      "D": {
        "nx": -0.00225,
        "ny": -0.002
      }
    }
  },
  "12": {
    "nx": -0.025500000000000002,
    "ny": -0.218,
    "spread": 0.968,
    "letters": {
      "A": {
        "nx": 0.01175,
        "ny": 0
      },
      "B": {
        "nx": 0.0085,
        "ny": 0
      },
      "C": {
        "nx": 0.005,
        "ny": 0
      },
      "D": {
        "nx": 0.0005,
        "ny": 0
      }
    }
  },
  "13": {
    "nx": 0.63,
    "ny": -0.236,
    "spread": 0.968,
    "letters": {
      "A": {
        "nx": 0.003,
        "ny": -0.00375
      },
      "B": {
        "nx": -0.00025,
        "ny": -0.0035
      },
      "C": {
        "nx": -0.00425,
        "ny": -0.0035
      },
      "D": {
        "nx": -0.009,
        "ny": -0.0035
      }
    }
  },
  "14": {
    "nx": 0.418,
    "ny": -0.218,
    "spread": 0.96,
    "letters": {
      "A": {
        "nx": -0.00075,
        "ny": 0.00425
      },
      "B": {
        "nx": -0.004,
        "ny": 0.004
      },
      "C": {
        "nx": -0.0075,
        "ny": 0.004
      },
      "D": {
        "nx": -0.012,
        "ny": 0.0045
      }
    }
  },
  "15": {
    "nx": 0.19,
    "ny": -0.188,
    "spread": 0.954,
    "letters": {
      "A": {
        "nx": 0.01175,
        "ny": -0.00075
      },
      "B": {
        "nx": 0.00825,
        "ny": 0.002
      },
      "C": {
        "nx": 0.005,
        "ny": 0.002
      },
      "D": {
        "nx": 0.00075,
        "ny": 0.00175
      }
    }
  },
  "16": {
    "nx": -0.6940000000000001,
    "ny": -0.056,
    "spread": 0.958,
    "letters": {
      "A": {
        "nx": 0.0045,
        "ny": 0
      },
      "B": {
        "nx": 0.00175,
        "ny": 0
      },
      "C": {
        "nx": -0.00225,
        "ny": 0
      },
      "D": {
        "nx": -0.00575,
        "ny": 0
      }
    }
  },
  "17": {
    "nx": -0.046,
    "ny": -0.08,
    "spread": 0.994,
    "letters": {
      "A": {
        "nx": 0.004,
        "ny": 0.0015
      },
      "B": {
        "nx": 0.00025,
        "ny": 0.002
      },
      "C": {
        "nx": -0.00525,
        "ny": 0.00225
      },
      "D": {
        "nx": -0.00975,
        "ny": 0.00275
      }
    }
  },
  "18": {
    "nx": -0.258,
    "ny": -0.049999999999999996,
    "spread": 0.97,
    "letters": {
      "A": {
        "nx": 0.00025,
        "ny": -0.00075
      },
      "B": {
        "nx": -0.0035,
        "ny": -0.00125
      },
      "C": {
        "nx": -0.0075,
        "ny": -0.0015
      },
      "D": {
        "nx": -0.01225,
        "ny": -0.00175
      }
    }
  },
  "19": {
    "nx": -0.47800000000000004,
    "ny": -0.025999999999999995,
    "spread": 0.962,
    "letters": {
      "A": {
        "nx": 0.00475,
        "ny": 0.00075
      },
      "B": {
        "nx": 0.0005,
        "ny": 0.00075
      },
      "C": {
        "nx": -0.00325,
        "ny": 0.00025
      },
      "D": {
        "nx": -0.007,
        "ny": 0.0005
      }
    }
  },
  "20": {
    "nx": -0.6940000000000001,
    "ny": -0.002,
    "spread": 0.948,
    "letters": {
      "A": {
        "nx": 0.0045,
        "ny": 0.00375
      },
      "B": {
        "nx": 0.00075,
        "ny": 0.0035
      },
      "C": {
        "nx": -0.0025,
        "ny": 0.00325
      },
      "D": {
        "nx": -0.00625,
        "ny": 0.0035
      }
    }
  },
  "21": {
    "nx": 0.282,
    "ny": -0.152,
    "spread": 0.972,
    "letters": {
      "A": {
        "nx": 0.0125,
        "ny": 0
      },
      "B": {
        "nx": 0.0095,
        "ny": 0
      },
      "C": {
        "nx": 0.005,
        "ny": 0
      },
      "D": {
        "nx": 0.001,
        "ny": 0
      }
    }
  },
  "22": {
    "nx": 0.066,
    "ny": -0.128,
    "spread": 0.978,
    "letters": {
      "A": {
        "nx": 0.013,
        "ny": 0.00175
      },
      "B": {
        "nx": 0.0095,
        "ny": 0.00175
      },
      "C": {
        "nx": 0.005,
        "ny": 0.00175
      },
      "D": {
        "nx": 0.00075,
        "ny": 0.0015
      }
    }
  },