{
  "1": {
    "nx": -0.04925,
    "ny": 0.12475,
    "spread": 0.996,
    "letters": {
      "B": {
        "nx": -0.0033,
        "ny": 0
      },
      "C": {
        "nx": -0.0088,
        "ny": 0
      },
      "D": {
        "nx": -0.0141,
        "ny": 0
      }
    }
  },
  "2": {
    "nx": -0.2655,
    "ny": 0.1535,
    "spread": 0.958,
    "letters": {
      "A": {
        "nx": -0.001,
        "ny": 0
      },
      "B": {
        "nx": -0.0039,
        "ny": 0
      },
      "C": {
        "nx": -0.0076,
        "ny": 0
      },
      "D": {
        "nx": -0.0105,
        "ny": 0
      }
    }
  },
  "3": {
    "nx": -0.48,
    "ny": 0.18,
    "spread": 0.974,
    "letters": {
      "A": {
        "nx": -0.00075,
        "ny": 0.0015
      },
      "B": {
        "nx": -0.0045000000000000005,
        "ny": 0.002
      },
      "C": {
        "nx": -0.0085,
        "ny": 0.002
      },
      "D": {
        "nx": -0.01275,
        "ny": 0.00175
      }
    }
  },
  "4": {
    "nx": -0.7000000000000001,
    "ny": 0.204,
    "spread": 0.936,
    "letters": {
      "A": {
        "nx": 0.0025,
        "ny": 0.005500000000000001
      },
      "B": {
        "nx": -0.0005,
        "ny": 0.005500000000000001
      },
      "C": {
        "nx": -0.003,
        "ny": 0.005500000000000001
      },
      "D": {
        "nx": -0.006000000000000002,
        "ny": 0.005500000000000001
      }
    }
  },
  "5": {
    "nx": -0.06,
    "ny": 0.192,
    "spread": 0.964,
    "letters": {
      "A": {
        "nx": 0.01,
        "ny": -0.00075
      },
      "B": {
        "nx": 0.00625,
        "ny": -0.0005
      },
      "C": {
        "nx": 0.00225,
        "ny": -0.00075
      },
      "D": {
        "nx": -0.0015,
        "ny": -0.001
      }
    }
  },
  "6": {
    "nx": -0.07375,
    "ny": 0.07625,
    "spread": 0.96,
    "letters": {
      "A": {
        "nx": -0.0008,
        "ny": 0
      },
      "B": {
        "nx": -0.0035,
        "ny": 0
      },
      "C": {
        "nx": -0.0072,
        "ny": 0
      },
      "D": {
        "nx": -0.0109,
        "ny": 0
      }
    }
  },
  "7": {
    "nx": -0.292,
    "ny": 0.102,
    "spread": 0.95,
    "letters": {
      "A": {
        "nx": 0.00075,
        "ny": 0.00225
      },
      "B": {
        "nx": -0.0015,
        "ny": 0.00225
      },
      "C": {
        "nx": -0.00525,
        "ny": 0.00225
      },
      "D": {
        "nx": -0.008,
        "ny": 0.002
      }
    }
  },
  "8": {
    "nx": -0.504,
    "ny": 0.132,
    "spread": 0.964,
    "letters": {
      "A": {
        "nx": -0.001,
        "ny": 0.0015
      },
      "B": {
        "nx": -0.004,
        "ny": 0.0015
      },
      "C": {
        "nx": -0.008000000000000004,
        "ny": 0.0015
      },
      "D": {
        "nx": -0.012000000000000007,
        "ny": 0.0015
      }
    }
  },
  "9": {
    "nx": 0.142,
    "ny": 0.108,
    "spread": 0.97,
    "letters": {
      "A": {
        "nx": -0.0005,
        "ny": 0.005000000000000001
      },
      "B": {
        "nx": -0.004,
        "ny": 0.005000000000000001
      },
      "C": {
        "nx": -0.00825,
        "ny": 0.0052499999999999995
      },
      "D": {
        "nx": -0.012249999999999999,
        "ny": 0.0045000000000000005
      }
    }
  },
  "10": {
    "nx": -0.074,
    "ny": 0.13999999999999999,
    "spread": 0.97,
    "letters": {
      "A": {
        "nx": 0.0005,
        "ny": 0.003
      },
      "B": {
        "nx": -0.003,
        "ny": 0.0025
      },
      "C": {
        "nx": -0.007,
        "ny": 0.00275
      },
      "D": {
        "nx": -0.0115,
        "ny": 0.003
      }
    }
  },
  "11": {
    "nx": -0.104,
    "ny": 0.024,
    "spread": 0.948,
    "letters": {
      "A": {
        "nx": 0.0035,
        "ny": 0.003
      },
      "B": {
        "nx": 0.0015,
        "ny": 0.003
      },
      "C": {
        "nx": -0.002,
        "ny": 0.00275
      },
      "D": {
        "nx": -0.00475,
        "ny": 0.00375
      }
    }
  },
  "12": {
    "nx": -0.316,
    "ny": 0.054,
    "spread": 0.968,
    "letters": {
      "A": {
        "nx": 0.00075,
        "ny": 0.00175
      },
      "B": {
        "nx": -0.0015,
        "ny": 0.00175
      },
      "C": {
        "nx": -0.0055,
        "ny": 0.002
      },
      "D": {
        "nx": -0.00925,
        "ny": 0.0025
      }
    }
  },
  "13": {
    "nx": 0.324,
    "ny": 0.042,
    "spread": 0.968,
    "letters": {
      "A": {
        "nx": 0.00825,
        "ny": -0.0055
      },
      "B": {
        "nx": 0.0045000000000000005,
        "ny": -0.00575
      },
      "C": {
        "nx": 0.0005,
        "ny": -0.005500000000000001
      },
      "D": {
        "nx": -0.0035,
        "ny": -0.005500000000000001
      }
    }
  },
  "14": {
    "nx": 0.108,
    "ny": 0.06,
    "spread": 0.96,
    "letters": {
      "A": {
        "nx": 0.00775,
        "ny": 0.00375
      },
      "B": {
        "nx": 0.005,
        "ny": 0.0045
      },
      "C": {
        "nx": 0.001,
        "ny": 0.005
      },
      "D": {
        "nx": -0.00275,
        "ny": 0.00425
      }
    }
  },
  "15": {
    "nx": -0.096,
    "ny": 0.09,
    "spread": 0.954,
    "letters": {
      "A": {
        "nx": -0.00325,
        "ny": 0.00375
      },
      "B": {
        "nx": -0.00525,
        "ny": 0.004
      },
      "C": {
        "nx": -0.01,
        "ny": 0.004
      },
      "D": {
        "nx": -0.01375,
        "ny": 0.004
      }
    }
  },
  "16": {
    "nx": -0.136,
    "ny": -0.018,
    "spread": 0.958,
    "letters": {
      "A": {
        "nx": 0.00475,
        "ny": -0.00275
      },
      "B": {
        "nx": 0.00275,
        "ny": -0.00275
      },
      "C": {
        "nx": -0.00075,
        "ny": -0.00275
      },
      "D": {
        "nx": -0.00375,
        "ny": -0.0025
      }
    }
  },
  "17": {
    "nx": 0.516,
    "ny": -0.042,
    "spread": 0.994,
    "letters": {
      "A": {
        "nx": 0.0012499999999999998,
        "ny": 0.0025
      },
      "B": {
        "nx": -0.003,
        "ny": 0.0025
      },
      "C": {
        "nx": -0.00725,
        "ny": 0.002
      },
      "D": {
        "nx": -0.01275,
        "ny": 0.0025
      }
    }
  },
  "18": {
    "nx": 0.3,
    "ny": -0.012,
    "spread": 0.97,
    "letters": {
      "A": {
        "nx": 0.001,
        "ny": 0.001
      },
      "B": {
        "nx": -0.002,
        "ny": 0.001
      },
      "C": {
        "nx": -0.005500000000000001,
        "ny": 0.001
      },
      "D": {
        "nx": -0.010500000000000006,
        "ny": 0.0005
      }
    }
  },
  "19": {
    "nx": 0.084,
    "ny": 0.018,
    "spread": 0.962,
    "letters": {
      "A": {
        "nx": 0.0015,
        "ny": -0.0005
      },
      "B": {
        "nx": -0.0015,
        "ny": -0.0005
      },
      "C": {
        "nx": -0.005500000000000001,
        "ny": 0
      },
      "D": {
        "nx": -0.009500000000000005,
        "ny": 0
      }
    }
  },
  "20": {
    "nx": -0.13399999999999998,
    "ny": 0.048,
    "spread": 0.948,
    "letters": {
      "A": {
        "nx": 0.003,
        "ny": -0.001
      },
      "B": {
        "nx": 0.0005,
        "ny": -0.001
      },
      "C": {
        "nx": -0.0025,
        "ny": -0.001
      },
      "D": {
        "nx": -0.006500000000000002,
        "ny": -0.0015
      }
    }
  },
  "21": {
    "nx": 0.6940000000000001,
    "ny": -0.12,
    "spread": 0.972,
    "letters": {
      "A": {
        "nx": 0.00575,
        "ny": 0.003
      },
      "B": {
        "nx": 0.0025,
        "ny": 0.004
      },
      "C": {
        "nx": -0.0025,
        "ny": 0.00325
      },
      "D": {
        "nx": -0.005,
        "ny": 0.00425
      }
    }
  },
  "22": {
    "nx": 0.472,
    "ny": -0.084,
    "spread": 0.978,
    "letters": {
      "A": {
        "nx": 0.01225,
        "ny": -0.0035
      },
      "B": {
        "nx": 0.0085,
        "ny": -0.004
      },
      "C": {
        "nx": 0.0055,
        "ny": -0.0035
      },